Address,Final Clearance Date,Alderman
"5361 North 34th Street, Milwaukee, Wisconsin 53209",06-24-2022,1
"4465 North 22nd Street, Milwaukee, Wisconsin 53209",03-24-2022,1
"4576 North 28th Street, Milwaukee, Wisconsin 53209",05-11-2022,1
"4921 North 18th Street, Milwaukee, Wisconsin 53209",02-10-2022,1
"5361 North 39th Street, Milwaukee, Wisconsin 53209",02-16-2022,1
"4724 North 19th Street, Milwaukee, Wisconsin 53209",01-27-2022,1
"3929 West Fairmount Avenue, Milwaukee, Wisconsin 53209",10-11-2021,1
"5018 North 25th Street, Milwaukee, Wisconsin 53209",12-17-2021,1
"4963 North 49th Street, Milwaukee, Wisconsin 53218",10-27-2021,1
"4056 North 14th Street, Milwaukee, Wisconsin 53209",03-15-2021,1
"1339 West Lawn Avenue, Milwaukee, Wisconsin 53209",06-23-2021,1
"4112 North 24th Street, Milwaukee, Wisconsin 53209",05-19-2021,1
"5733 North 36th Street, Milwaukee, Wisconsin 53209",12-06-2019,1
"5735 North 36th Street, Milwaukee, Wisconsin 53209",12-06-2019,1
"5542 North 33rd Street, Milwaukee, Wisconsin 53209",03-01-2021,1
"5463 North 40th Street, Milwaukee, Wisconsin 53209",04-12-2021,1
"4969 North 19th Place, Milwaukee, Wisconsin 53209",04-22-2021,1
"4578 North 24th Street, Milwaukee, Wisconsin 53209",11-12-2020,1
"5357 North 34th Street A, Milwaukee, Wisconsin 53209",11-06-2020,1
"5357 North 34th Street, Milwaukee, Wisconsin 53209",11-10-2020,1
"4909 North 19th Street, Milwaukee, Wisconsin 53209",08-04-2020,1
"5540 North 41st Street, Milwaukee, Wisconsin 53209",07-06-2020,1
"4208 North 14th Street, Milwaukee, Wisconsin 53209",09-27-2019,1
"5327 North 33rd Street, Milwaukee, Wisconsin 53209",03-13-2020,1
"5529 North 36th Street A, Milwaukee, Wisconsin 53209",04-01-2020,1
"4689 North 19th Street A, Milwaukee, Wisconsin 53209",02-10-2020,1
"4689 North 19th Street, Milwaukee, Wisconsin 53209",02-10-2020,1
"1956 West Congress Street, Milwaukee, Wisconsin 53209",01-15-2020,1
"1956 West Congress Street A, Milwaukee, Wisconsin 53209",01-15-2020,1
"2732 West Villard Avenue, Milwaukee, Wisconsin 53209",03-13-2020,1
"6109 North 39th Street, Milwaukee, Wisconsin 53209",02-13-2020,1
"4859 North 36th Street, Milwaukee, Wisconsin 53209",08-21-2018,1
"4604 North 24th Street, Milwaukee, Wisconsin 53209",06-06-2018,1
"2118 West Roosevelt Drive, Milwaukee, Wisconsin 53209",03-28-2018,1
"4667 North 19th Place, Milwaukee, Wisconsin 53209",03-02-2018,1
"4667 North 19th Place A, Milwaukee, Wisconsin 53209",03-02-2018,1
"4915 North 19th Street, Milwaukee, Wisconsin 53209",02-03-2020,1
"2206 West Ruby Avenue, Milwaukee, Wisconsin 53209",07-19-2019,1
"4044 North 19th Street, Milwaukee, Wisconsin 53209",06-27-2019,1
"4657 North 19th Place, Milwaukee, Wisconsin 53209",03-01-2019,1
"4163 North 21st Street, Milwaukee, Wisconsin 53209",04-25-2019,1
"6113 North 38th Street, Milwaukee, Wisconsin 53209",01-02-2019,1
"5228 North 53rd Street, Milwaukee, Wisconsin 53218",01-10-2019,1
"5226 North 53rd Street, Milwaukee, Wisconsin 53218",01-10-2019,1
"5461 North 36th Street, Milwaukee, Wisconsin 53209",10-29-2019,1
"4026 North 25th Street A, Milwaukee, Wisconsin 53209",08-09-2019,1
"4026 North 25th Street, Milwaukee, Wisconsin 53209",08-09-2019,1
"4032 North 19th Place, Milwaukee, Wisconsin 53209",05-13-2019,1
"4141 North 15th Street, Milwaukee, Wisconsin 53209",03-29-2019,1
"4834 North 42nd Street, Milwaukee, Wisconsin 53209",12-05-2018,1
"5008 North 24th Place, Milwaukee, Wisconsin 53209",02-06-2018,1
"4328 West Eggert Place, Milwaukee, Wisconsin 53218",02-13-2018,1
"5127 North 41st Street, Milwaukee, Wisconsin 53209",10-19-2018,1
"5220 North 28th Street, Milwaukee, Wisconsin 53209",09-06-2018,1
"5351 North 45th Street, Milwaukee, Wisconsin 53218",09-04-2018,1
"6086 North 36th Street, Milwaukee, Wisconsin 53209",11-09-2018,1
"4192 North 14th Street, Milwaukee, Wisconsin 53209",10-23-2018,1
"4654 North 29th Street, Milwaukee, Wisconsin 53209",02-08-2018,1
"4116 North 16th Street, Milwaukee, Wisconsin 53209",01-17-2018,1
"5326 North 35th Street, Milwaukee, Wisconsin 53209",12-19-2018,1
"4064 North 15th Street, Milwaukee, Wisconsin 53209",01-05-2018,1
"4363 North 16th Street, Milwaukee, Wisconsin 53209",09-20-2018,1
"4142 North 10th Street, Milwaukee, Wisconsin 53209",05-21-2018,1
"5266 North 37th Street, Milwaukee, Wisconsin 53209",06-29-2018,1
"4365 North 16th Street, Milwaukee, Wisconsin 53209",09-26-2018,1
"4604 North 24th Street A, Milwaukee, Wisconsin 53209",06-06-2018,1
"4403 North 29th Street, Milwaukee, Wisconsin 53209",10-31-2018,1
"4107 North 25th Street, Milwaukee, Wisconsin 53209",06-06-2019,1
"4046 North 12th Street, Milwaukee, Wisconsin 53209",03-25-2019,1
"4885 North 18th Street, Milwaukee, Wisconsin 53209",01-24-2018,1
"4832 North 60th Street, Milwaukee, Wisconsin 53218",06-22-2022,2
"7020 West Herbert Avenue, Milwaukee, Wisconsin 53218",05-12-2022,2
"5843 North 75th Street, Milwaukee, Wisconsin 53218",12-16-2021,2
"6729 West Medford Avenue, Milwaukee, Wisconsin 53218",11-08-2021,2
"5841 North 66th Street, Milwaukee, Wisconsin 53218",02-01-2021,2
"5380 North 68th Street, Milwaukee, Wisconsin 53218",05-06-2021,2
"7961 West Fond Du Lac Avenue, Milwaukee, Wisconsin 53218",10-18-2019,2
"4827 North 65th Street, Milwaukee, Wisconsin 53218",08-08-2019,2
"5745 North 64th Street, Milwaukee, Wisconsin 53218",10-04-2019,2
"5630 North 66th Street, Milwaukee, Wisconsin 53218",10-30-2019,2
"7449 West Beckett Avenue, Milwaukee, Wisconsin 53216",03-21-2019,2
"7866 West Palmetto Avenue, Milwaukee, Wisconsin 53218",11-01-2019,2
"8116 West Sheridan Avenue, Milwaukee, Wisconsin 53218",01-09-2019,2
"4747 North 72nd Street, Milwaukee, Wisconsin 53218",10-04-2019,2
"2728 North Weil Street, Milwaukee, Wisconsin 53212",08-14-2020,3
"1122 North 27th Street 4, Milwaukee, Wisconsin 53208",06-17-2019,4
"502 North 32nd Street, Milwaukee, Wisconsin 53208",03-21-2022,4
"2435 West Wisconsin Avenue 108, Milwaukee, Wisconsin 53233",12-04-2021,4
"2913 West Vliet Street, Milwaukee, Wisconsin 53208",11-22-2021,4
"2435 West Wisconsin Avenue 103, Milwaukee, Wisconsin 53233",12-28-2021,4
"1315 North 25th Street, Milwaukee, Wisconsin 53205",09-13-2021,4
"2915 West Vliet Street, Milwaukee, Wisconsin 53208",11-22-2021,4
"3244 West Juneau Avenue, Milwaukee, Wisconsin 53208",07-27-2021,4
"2933 West Wells Street 201, Milwaukee, Wisconsin 53208",08-06-2021,4
"310 North 30th Street, Milwaukee, Wisconsin 53208",07-11-2019,4
"308 North 30th Street, Milwaukee, Wisconsin 53208",07-11-2019,4
"3317 West Clybourn Street, Milwaukee, Wisconsin 53208",12-04-2020,4
"1038 South 26th Street, Milwaukee, Wisconsin 53204",04-09-2021,4
"1009 North 19th Street, Milwaukee, Wisconsin 53233",04-09-2020,4
"2455 West Juneau Avenue A, Milwaukee, Wisconsin 53233",04-05-2018,4
"2455 West Juneau Avenue, Milwaukee, Wisconsin 53233",04-05-2018,4
"3415 West Juneau Avenue, Milwaukee, Wisconsin 53208",11-06-2018,4
"2635 West Vliet Street, Milwaukee, Wisconsin 53205",12-21-2018,4
"324 North 30th Street, Milwaukee, Wisconsin 53208",08-09-2019,4
"4344 North 88th Street, Milwaukee, Wisconsin 53222",10-18-2021,5
"3363 North 79th Street, Milwaukee, Wisconsin 53222",09-13-2021,5
"3380 North 37th Street, Milwaukee, Wisconsin 53216",06-08-2021,5
"9323 West Lisbon Avenue, Milwaukee, Wisconsin 53222",10-08-2019,5
"3252 North 1st Street, Milwaukee, Wisconsin 53212",07-05-2022,6
"3766 North Vel R. Phillips Avenue, Milwaukee, Wisconsin 53212",04-21-2022,6
"3521 North 22nd Street, Milwaukee, Wisconsin 53206",05-25-2022,6
"2341 North Vel R. Phillips Avenue, Milwaukee, Wisconsin 53212",04-28-2022,6
"3614 North 2nd Street, Milwaukee, Wisconsin 53212",03-10-2022,6
"3279 North 21st Street, Milwaukee, Wisconsin 53206",12-19-2018,6
"3902 North 6th Street, Milwaukee, Wisconsin 53212",01-26-2022,6
"3552 North 10th Street, Milwaukee, Wisconsin 53206",06-24-2021,6
"2405 West Keefe Avenue, Milwaukee, Wisconsin 53206",12-15-2021,6
"126 West Chambers Street, Milwaukee, Wisconsin 53212",11-17-2021,6
"3621 North 2nd Street, Milwaukee, Wisconsin 53212",11-15-2021,6
"2963 North 12th Street, Milwaukee, Wisconsin 53206",07-22-2021,6
"213 East Burleigh Street, Milwaukee, Wisconsin 53212",08-10-2021,6
"3381 North 22nd Street A, Milwaukee, Wisconsin 53206",03-23-2021,6
"3631 North 19th Street, Milwaukee, Wisconsin 53206",03-19-2021,6
"3071 North 19th Street, Milwaukee, Wisconsin 53206",08-23-2021,6
"2430 North 2nd Street, Milwaukee, Wisconsin 53212",08-16-2021,6
"2216 West Keefe Avenue, Milwaukee, Wisconsin 53206",02-18-2021,6
"2803 North Palmer Street, Milwaukee, Wisconsin 53212",11-25-2020,6
"250 East North Avenue, Milwaukee, Wisconsin 53212",05-20-2021,6
"3548 North 25th Street, Milwaukee, Wisconsin 53206",07-07-2021,6
"3426 North 23rd Street, Milwaukee, Wisconsin 53206",06-09-2021,6
"3381 North 22nd Street, Milwaukee, Wisconsin 53206",03-23-2021,6
"3830 North 12th Street, Milwaukee, Wisconsin 53206",03-05-2018,6
"3220 North Achilles Street, Milwaukee, Wisconsin 53212",04-07-2021,6
"2767 North Holton Street 2, Milwaukee, Wisconsin 53212",08-28-2019,6
"3938 North 54th Street, Milwaukee, Wisconsin 53216",09-28-2020,6
"3538 North 2nd Lane, Milwaukee, Wisconsin 53212",04-06-2021,6
"3433 North 20th Street A, Milwaukee, Wisconsin 53206",04-29-2021,6
"3433 North 20th Street, Milwaukee, Wisconsin 53206",04-28-2021,6
"3362 North 22nd Street, Milwaukee, Wisconsin 53206",11-06-2020,6
"232 East Burleigh Street, Milwaukee, Wisconsin 53212",02-15-2021,6
"3279 North 16th Street, Milwaukee, Wisconsin 53206",05-14-2021,6
"3602 North Port Washington Avenue, Milwaukee, Wisconsin 53212",07-20-2020,6
"2662 North Holton Street, Milwaukee, Wisconsin 53212",03-27-2019,6
"3620 North 9th Street, Milwaukee, Wisconsin 53206",11-20-2019,6
"3629 North 19th Street, Milwaukee, Wisconsin 53206",03-19-2021,6
"3378 North 22nd Street A, Milwaukee, Wisconsin 53206",12-22-2020,6
"3457 North 15th Street A, Milwaukee, Wisconsin 53206",02-02-2021,6
"3457 North 15th Street, Milwaukee, Wisconsin 53206",02-02-2021,6
"3378 North 22nd Street, Milwaukee, Wisconsin 53206",01-08-2021,6
"2515 North Palmer Street, Milwaukee, Wisconsin 53212",10-07-2020,6
"3941 North 12th Street, Milwaukee, Wisconsin 53206",10-16-2020,6
"3517 North 25th Street A, Milwaukee, Wisconsin 53206",11-20-2019,6
"3358 North 22nd Street, Milwaukee, Wisconsin 53206",09-11-2020,6
"3846 North 13th Street, Milwaukee, Wisconsin 53206",10-13-2020,6
"3120 North 16th Street, Milwaukee, Wisconsin 53206",10-06-2020,6
"3148 North 14th Street, Milwaukee, Wisconsin 53206",10-26-2020,6
"3360 North 22nd Street, Milwaukee, Wisconsin 53206",09-09-2020,6
"3228 North Achilles Street, Milwaukee, Wisconsin 53212",02-12-2020,6
"3620 North Port Washington Road, Milwaukee, Wisconsin 53212",08-25-2020,6
"3562 North 11th Street, Milwaukee, Wisconsin 53206",09-09-2020,6
"3366 North 2nd Street, Milwaukee, Wisconsin 53212",07-15-2020,6
"3361 North Vel R. Phillips Avenue, Milwaukee, Wisconsin 53212",10-25-2019,6
"3183 North 14th Street, Milwaukee, Wisconsin 53206",02-26-2020,6
"3372 North Richards Street, Milwaukee, Wisconsin 53212",03-04-2020,6
"3529 North 24th Place, Milwaukee, Wisconsin 53206",07-29-2020,6
"2316 West Keefe Avenue, Milwaukee, Wisconsin 53206",04-01-2020,6
"3009 North 6th Street, Milwaukee, Wisconsin 53212",12-19-2018,6
"425 West Chambers Street, Milwaukee, Wisconsin 53212",02-28-2020,6
"2727 North 5th Street 4, Milwaukee, Wisconsin 53212",06-27-2019,6
"3284 North 15th Street, Milwaukee, Wisconsin 53206",06-13-2019,6
"2479 West Keefe Avenue A, Milwaukee, Wisconsin 53206",12-17-2019,6
"3735 North 3rd Street, Milwaukee, Wisconsin 53212",09-13-2019,6
"3535 North Vel R. Phillips Avenue, Milwaukee, Wisconsin 53212",02-25-2019,6
"3352 North Palmer Street, Milwaukee, Wisconsin 53212",07-16-2019,6
"402 West Keefe Avenue, Milwaukee, Wisconsin 53212",07-19-2019,6
"3428 North Palmer Street, Milwaukee, Wisconsin 53212",01-15-2019,6
"3800 N 7th Street, Milwaukee, Wisconsin 53212",12-20-2019,6
"3461 North 1st Street A, Milwaukee, Wisconsin 53212",03-20-2019,6
"3461 North 1st Street, Milwaukee, Wisconsin 53212",03-20-2019,6
"3618 North 23rd Street, Milwaukee, Wisconsin 53206",10-24-2019,6
"3340 North 14th Street, Milwaukee, Wisconsin 53206",10-03-2019,6
"3166 North 14th Street, Milwaukee, Wisconsin 53206",10-30-2018,6
"3166 North 14th Street A, Milwaukee, Wisconsin 53206",10-30-2018,6
"3005 North 14th Street A, Milwaukee, Wisconsin 53206",02-13-2018,6
"3005 North 14th Street, Milwaukee, Wisconsin 53206",02-13-2018,6
"3629 North 24th Place, Milwaukee, Wisconsin 53206",01-14-2019,6
"3629 North 24th Place A, Milwaukee, Wisconsin 53206",01-14-2019,6
"902 West Nash Street, Milwaukee, Wisconsin 53206",10-02-2018,6
"3166 North Buffum Street, Milwaukee, Wisconsin 53212",10-24-2018,6
"3350 North 23rd Street, Milwaukee, Wisconsin 53206",11-13-2018,6
"3642 North 13th Street A, Milwaukee, Wisconsin 53206",11-06-2018,6
"3935 North 17th Street, Milwaukee, Wisconsin 53206",07-03-2018,6
"3933 North 17th Street, Milwaukee, Wisconsin 53206",07-05-2018,6
"3431 North 13th Street, Milwaukee, Wisconsin 53206",01-26-2018,6
"2659 North 1st Street, Milwaukee, Wisconsin 53212",01-31-2018,6
"3642 North 13th Street, Milwaukee, Wisconsin 53206",11-06-2018,6
"3781 North 13th Street, Milwaukee, Wisconsin 53206",02-01-2018,6
"3779 North 13th Street, Milwaukee, Wisconsin 53206",02-01-2018,6
"3517 North 25th Street, Milwaukee, Wisconsin 53206",11-20-2019,6
"3452 North 16th Street, Milwaukee, Wisconsin 53206",01-28-2020,6
"2727 North 5th Street 3, Milwaukee, Wisconsin 53212",06-19-2019,6
"3143 North 14th Street, Milwaukee, Wisconsin 53206",03-12-2019,6
"2374 North Richards Street, Milwaukee, Wisconsin 53212",12-19-2018,6
"2376 North Richards Street, Milwaukee, Wisconsin 53212",12-19-2018,6
"2823 North Palmer Street, Milwaukee, Wisconsin 53212",08-30-2018,6
"125 West Hadley Street B, Milwaukee, Wisconsin 53212",07-27-2018,6
"3261 North 30th Street A, Milwaukee, Wisconsin 53216",08-28-2019,7
"3378 North 38th Street, Milwaukee, Wisconsin 53216",04-08-2022,7
"1429 North 37th Street, Milwaukee, Wisconsin 53208",03-14-2022,7
"4136 North 47th Street, Milwaukee, Wisconsin 53216",03-21-2022,7
"3152 North 53rd Street, Milwaukee, Wisconsin 53216",05-19-2022,7
"3042 North 29th Street, Milwaukee, Wisconsin 53210",01-06-2022,7
"4515 North 40th Street, Milwaukee, Wisconsin 53209",03-17-2022,7
"2864 North 49th Street, Milwaukee, Wisconsin 53210",03-31-2022,7
"4416 North 37th Street, Milwaukee, Wisconsin 53209",03-17-2022,7
"2852 North 51st Street, Milwaukee, Wisconsin 53210",01-18-2019,7
"3511 North 37th Street, Milwaukee, Wisconsin 53216",01-21-2022,7
"2866 North 49th Street, Milwaukee, Wisconsin 53210",06-04-2021,7
"4752 North 36th Street, Milwaukee, Wisconsin 53209",09-17-2021,7
"3713 North 39th Street, Milwaukee, Wisconsin 53216",11-19-2021,7
"3007 North 38th Street, Milwaukee, Wisconsin 53210",11-18-2020,7
"2506 W Nash Street, Milwaukee, Wisconsin 53206",11-02-2020,7
"2906 North 50th St, Milwaukee, Wisconsin 53210",10-06-2021,7
"4829 West Medford Avenue, Milwaukee, Wisconsin 53216",10-28-2021,7
"2761 North 44th Street, Milwaukee, Wisconsin 53210",10-26-2021,7
"2763 North 44th Street, Milwaukee, Wisconsin 53210",10-26-2021,7
"2755 North 47th Street, Milwaukee, Wisconsin 53210",03-30-2021,7
"2757 North 47th Street, Milwaukee, Wisconsin 53210",03-30-2021,7
"3000 North 37th Street, Milwaukee, Wisconsin 53210",09-16-2021,7
"3322 North 51st Boulevard, Milwaukee, Wisconsin 53216",09-03-2021,7
"4041 North Montreal Street, Milwaukee, Wisconsin 53216",12-15-2020,7
"3403 North 39th Street, Milwaukee, Wisconsin 53216",08-12-2021,7
"3387 North 38th Street, Milwaukee, Wisconsin 53216",06-23-2021,7
"4509 North 37th Street, Milwaukee, Wisconsin 53209",04-27-2021,7
"2961 North 28th Street, Milwaukee, Wisconsin 53210",11-23-2020,7
"3047 North 39th Street, Milwaukee, Wisconsin 53210",06-02-2020,7
"3226 North 28th Street, Milwaukee, Wisconsin 53216",03-10-2020,7
"2847 North 49th Street, Milwaukee, Wisconsin 53210",02-05-2021,7
"3377 North 28th Street A, Milwaukee, Wisconsin 53216",05-13-2021,7
"7009 West Villard Avenue, Milwaukee, Wisconsin 53218",04-30-2021,7
"4456 North 57th Street, Milwaukee, Wisconsin 53218",05-25-2021,7
"3377 North 28th Street, Milwaukee, Wisconsin 53216",05-13-2021,7
"2921 West Chambers Street, Milwaukee, Wisconsin 53210",04-30-2019,7
"4634 West Scranton Place, Milwaukee, Wisconsin 53216",04-19-2021,7
"4636 West Scranton Place, Milwaukee, Wisconsin 53216",04-19-2021,7
"4926 West Hoyt Place, Milwaukee, Wisconsin 53216",12-18-2020,7
"3025 North 44th Street, Milwaukee, Wisconsin 53210",03-08-2021,7
"3768 North 39th Street, Milwaukee, Wisconsin 53216",03-29-2021,7
"2845 North 49th Street, Milwaukee, Wisconsin 53210",03-03-2021,7
"2814 North 45th Street, Milwaukee, Wisconsin 53210",07-23-2020,7
"2817 North 22nd Street, Milwaukee, Wisconsin 53206",11-30-2020,7
"3954 North 40th Street, Milwaukee, Wisconsin 53216",12-21-2020,7
"4260 North 36th Street, Milwaukee, Wisconsin 53216",01-09-2020,7
"2842 North 52nd Street, Milwaukee, Wisconsin 53210",09-10-2020,7
"3172 North 50th Street, Milwaukee, Wisconsin 53216",10-08-2019,7
"2421 West Hopkins Street A, Milwaukee, Wisconsin 53206",08-05-2020,7
"2709 North 47th Street, Milwaukee, Wisconsin 53210",07-23-2019,7
"3916 North 26th Street, Milwaukee, Wisconsin 53206",08-31-2020,7
"4620 West Hale Place, Milwaukee, Wisconsin 53216",12-09-2019,7
"2879 North Sherman Boulevard, Milwaukee, Wisconsin 53210",08-14-2020,7
"5132 West Townsend Street, Milwaukee, Wisconsin 53216",08-14-2020,7
"3310 North 39th Street, Milwaukee, Wisconsin 53216",06-18-2020,7
"4344 West Rice Way, Milwaukee, Wisconsin 53216",01-28-2020,7
"3739 North 38th Street, Milwaukee, Wisconsin 53216",03-03-2020,7
"3008 North 39th Street, Milwaukee, Wisconsin 53210",12-17-2019,7
"4128 West Burleigh Street 3, Milwaukee, Wisconsin 53210",06-17-2019,7
"2969 North 36th Street, Milwaukee, Wisconsin 53210",01-23-2019,7
"2878 North 47th Street, Milwaukee, Wisconsin 53210",02-17-2020,7
"3359 North 47th Street, Milwaukee, Wisconsin 53216",02-03-2020,7
"5026 West Marion Street, Milwaukee, Wisconsin 53216",01-28-2020,7
"2943 North 44th Street, Milwaukee, Wisconsin 53210",03-06-2018,7
"4780 North 42nd Street, Milwaukee, Wisconsin 53209",09-13-2018,7
"3732 North 37th Street, Milwaukee, Wisconsin 53216",08-21-2018,7
"3046 North 37th Street, Milwaukee, Wisconsin 53210",06-20-2018,7
"3078 North 25th Street, Milwaukee, Wisconsin 53206",08-20-2018,7
"3217 North 30th Street, Milwaukee, Wisconsin 53216",05-18-2018,7
"3217 North 30th Street A, Milwaukee, Wisconsin 53216",05-18-2018,7
"2876 North 47th Street, Milwaukee, Wisconsin 53210",02-17-2020,7
"2402 West Auer Avenue, Milwaukee, Wisconsin 53206",02-26-2020,7
"2912 North 24th Street, Milwaukee, Wisconsin 53206",10-11-2018,7
"3011 North 24th Street, Milwaukee, Wisconsin 53206",05-20-2019,7
"2720 North 49th Street, Milwaukee, Wisconsin 53210",09-19-2019,7
"3005 North 40th Street, Milwaukee, Wisconsin 53210",10-03-2019,7
"3132 North 33rd Street, Milwaukee, Wisconsin 53216",02-13-2019,7
"3225 N 35th Street, Milwaukee, Wisconsin 53216",10-18-2019,7
"4124 North 40th Street, Milwaukee, Wisconsin 53216",01-03-2019,7
"3843 N 25th Street, Milwaukee, Wisconsin 53206",09-16-2019,7
"3756 North 38th Street, Milwaukee, Wisconsin 53216",04-05-2019,7
"4555 North Sherman Blvd, Milwaukee, Wisconsin 53209",08-21-2019,7
"4673 North 44th Street, Milwaukee, Wisconsin 53218",05-31-2019,7
"3317 West Auer Avenue, Milwaukee, Wisconsin 53216",11-05-2018,7
"4622 North 42nd Street, Milwaukee, Wisconsin 53209",11-06-2018,7
"4473 North 44th Street, Milwaukee, Wisconsin 53218",02-13-2018,7
"4332 North 40th Street, Milwaukee, Wisconsin 53216",11-15-2018,7
"3422 North 47th Street, Milwaukee, Wisconsin 53216",02-12-2018,7
"4661 North Sherman Boulevard, Milwaukee, Wisconsin 53209",01-19-2018,7
"4475 North 45th Street, Milwaukee, Wisconsin 53218",02-02-2018,7
"3818 North 36th Street, Milwaukee, Wisconsin 53216",01-23-2018,7
"4741 North 42nd Street, Milwaukee, Wisconsin 53209",10-12-2018,7
"2934 North 39th Street, Milwaukee, Wisconsin 53210",08-28-2018,7
"3075 North 24th Street, Milwaukee, Wisconsin 53206",12-10-2018,7
"2712 North 50th Street, Milwaukee, Wisconsin 53210",08-14-2018,7
"2756 North 47th Street, Milwaukee, Wisconsin 53210",02-01-2018,7
"3912 North 25th Street, Milwaukee, Wisconsin 53206",01-17-2018,7
"3208 North 53rd Street, Milwaukee, Wisconsin 53216",11-29-2018,7
"3014 North 37th Street, Milwaukee, Wisconsin 53210",08-01-2018,7
"2941 North 44th Street, Milwaukee, Wisconsin 53210",03-06-2018,7
"3946 North 28th Street, Milwaukee, Wisconsin 53216",02-07-2018,7
"2972 North 40th Street, Milwaukee, Wisconsin 53210",08-03-2018,7
"3021 North 39th Street, Milwaukee, Wisconsin 53210",04-10-2019,7
"3333 North 26th Street, Milwaukee, Wisconsin 53206",07-25-2019,7
"2720 North 50th Street, Milwaukee, Wisconsin 53210",07-08-2019,7
"3124 North 38th Street, Milwaukee, Wisconsin 53216",05-16-2019,7
"3883 North Sherman Boulevard, Milwaukee, Wisconsin 53216",07-05-2019,7
"4577 North 42nd Street, Milwaukee, Wisconsin 53209",03-06-2018,7
"4225 North 38th Street, Milwaukee, Wisconsin 53216",10-28-2018,7
"3335 North 26th Street, Milwaukee, Wisconsin 53206",07-25-2019,7
"4031 West Roosevelt Drive, Milwaukee, Wisconsin 53216",07-31-2019,7
"4033 West Roosevelt Drive, Milwaukee, Wisconsin 53216",07-31-2019,7
"3073 North Sherman Boulevard B, Milwaukee, Wisconsin 53210",09-24-2019,7
"3232 North 27th Street, Milwaukee, Wisconsin 53216",08-27-2018,7
"1835 South Muskego Avenue, Milwaukee, Wisconsin 53204",05-09-2022,8
"2134 South 25th Street, Milwaukee, Wisconsin 53215",05-12-2022,8
"2433 West Maple Street A, Milwaukee, Wisconsin 53204",02-24-2021,8
"2433 West Maple Street, Milwaukee, Wisconsin 53204",02-24-2021,8
"818 South 36th Street, Milwaukee, Wisconsin 53215",06-04-2021,8
"818 South 36th Street A, Milwaukee, Wisconsin 53215",05-26-2021,8
"2111 South 33rd Street, Milwaukee, Wisconsin 53215",10-29-2021,8
"1823 South 19th Street, Milwaukee, Wisconsin 53204",07-20-2020,8
"2321 West Mitchell Street, Milwaukee, Wisconsin 53204",07-20-2021,8
"2100 West Pierce Street Apt 230, Milwaukee, Wisconsin 53204",08-18-2021,8
"1010 South 34th Street, Milwaukee, Wisconsin 53215",07-14-2021,8
"2111 West Rogers Street, Milwaukee, Wisconsin 53204",03-16-2021,8
"1250 South 31st Street, Milwaukee, Wisconsin 53215",06-17-2021,8
"2926 West Lincoln Avenue, Milwaukee, Wisconsin 53215",09-04-2020,8
"2327 West Greenfield Avenue, Milwaukee, Wisconsin 53204",04-15-2020,8
"2132 South 25th Street, Milwaukee, Wisconsin 53215",05-26-2021,8
"2415 West Lapham Street, Milwaukee, Wisconsin 53204",05-26-2021,8
"1750 South Muskego Avenue #1, Milwaukee, Wisconsin 53204",05-27-2021,8
"2111 West Rogers Street A, Milwaukee, Wisconsin 53204",03-16-2021,8
"2325 West Greenfield Avenue, Milwaukee, Wisconsin 53204",06-11-2020,8
"2126 West Mineral Street, Milwaukee, Wisconsin 53204",03-25-2021,8
"1230 South 29th Street, Milwaukee, Wisconsin 53215",01-21-2021,8
"1719 S 32nd St, Milwaukee, Wisconsin 53215",12-04-2020,8
"2419 West Becher Street A, Milwaukee, Wisconsin 53215",12-02-2020,8
"2419 West Becher Street, Milwaukee, Wisconsin 53215",12-02-2020,8
"922 South 34th Street, Milwaukee, Wisconsin 53215",10-19-2020,8
"3125 West Pierce Street, Milwaukee, Wisconsin 53215",08-31-2020,8
"2924 West Lincoln Avenue, Milwaukee, Wisconsin 53215",06-28-2018,8
"2924 West Lincoln Avenue, Milwaukee, Wisconsin 53215",09-15-2020,8
"1123 South 23rd Street, Milwaukee, Wisconsin 53204",04-10-2019,8
"1118 South 34th Street, Milwaukee, Wisconsin 53215",12-27-2019,8
"721 South 29th Street A, Milwaukee, Wisconsin 53215",08-24-2020,8
"721 South 29th Street, Milwaukee, Wisconsin 53215",08-24-2020,8
"721 South 29th Street, Milwaukee, Wisconsin 53215",08-24-2020,8
"723 South 29th Street, Milwaukee, Wisconsin 53215",08-24-2020,8
"1030 South 30th Street A, Milwaukee, Wisconsin 53215",08-19-2020,8
"814 South 29th Street, Milwaukee, Wisconsin 53215",06-29-2020,8
"2014 West Pierce Street, Milwaukee, Wisconsin 53204",06-17-2019,8
"1316 South 25th Street, Milwaukee, Wisconsin 53204",07-08-2019,8
"938 South 34th Street, Milwaukee, Wisconsin 53215",05-05-2020,8
"1240 S 37th Street, Milwaukee, Wisconsin 53215",03-13-2020,8
"727 South 29th Street, Milwaukee, Wisconsin 53215",05-22-2018,8
"1432 South 32nd Street, Milwaukee, Wisconsin 53215",05-17-2019,8
"1534 South Layton Boulevard, Milwaukee, Wisconsin 53215",06-04-2019,8
"3411 West Scott Street, Milwaukee, Wisconsin 53215",07-10-2019,8
"2066 South 36th Street, Milwaukee, Wisconsin 53215",04-09-2019,8
"1003 South 31st Street, Milwaukee, Wisconsin 53215",07-18-2019,8
"2825 West Hayes Avenue, Milwaukee, Wisconsin 53215",09-12-2018,8
"1510 South 37th Street, Milwaukee, Wisconsin 53215",08-21-2018,8
"934 South 35th Street, Milwaukee, Wisconsin 53215",07-26-2018,8
"2112 West Grant Street A, Milwaukee, Wisconsin 53215",01-24-2018,8
"2112 West Grant Street, Milwaukee, Wisconsin 53215",01-24-2018,8
"2110 West Grant Street A, Milwaukee, Wisconsin 53215",01-24-2018,8
"2110 West Grant Street, Milwaukee, Wisconsin 53215",01-24-2018,8
"1500 South 22nd Street, Milwaukee, Wisconsin 53204",01-05-2018,8
"1548 South 22nd Street, Milwaukee, Wisconsin 53204",11-15-2018,8
"2008 South 34th Street, Milwaukee, Wisconsin 53215",10-31-2018,8
"3013 West Pierce Street, Milwaukee, Wisconsin 53215",01-05-2018,8
"2926 West Lincoln Avenue, Milwaukee, Wisconsin 53215",07-24-2018,8
"3902 West Orchard Street A, Milwaukee, Wisconsin 53215",07-03-2018,8
"3902 West Orchard Street, Milwaukee, Wisconsin 53215",07-03-2018,8
"3711 West National Avenue A, Milwaukee, Wisconsin 53215",11-01-2018,8
"1012 South 32nd Street, Milwaukee, Wisconsin 53215",12-03-2018,8
"3212 West National Avenue, Milwaukee, Wisconsin 53215",06-07-2019,8
"1534 South Layton Boulevard A, Milwaukee, Wisconsin 53215",06-04-2019,8
"2070 South 35th Street, Milwaukee, Wisconsin 53215",08-20-2018,8
"1502 South 22nd Street, Milwaukee, Wisconsin 53204",01-05-2018,8
"1430 South 32nd Street, Milwaukee, Wisconsin 53215",05-17-2019,8
"2728 West Hayes Avenue A, Milwaukee, Wisconsin 53215",08-27-2018,8
"5734 North 58th Street, Milwaukee, Wisconsin 53218",10-04-2021,9
"2528 West Locust Street, Milwaukee, Wisconsin 53206",06-15-2021,9
"6704 North 89th Street, Milwaukee, Wisconsin 53224",11-20-2020,9
"5680 North 60th Street, Milwaukee, Wisconsin 53218",09-23-2019,9
"6660 North 60th Street, Milwaukee, Wisconsin 53223",10-01-2018,9
"8827 West Clovernook Court, Milwaukee, Wisconsin 53224",07-20-2018,9
"3060 North 59th Street, Milwaukee, Wisconsin 53210",03-23-2022,10
"2840 North 54th Street, Milwaukee, Wisconsin 53210",09-29-2021,10
"3062 North 59th Street, Milwaukee, Wisconsin 53210",04-14-2022,10
"2562 North 53rd Street, Milwaukee, Wisconsin 53210",07-30-2020,10
"2609 North 58th Street, Milwaukee, Wisconsin 53210",02-03-2022,10
"7502 West Vienna Court, Milwaukee, Wisconsin 53216",02-10-2022,10
"220 North 37th Street, Milwaukee, Wisconsin 53208",09-24-2021,10
"2814 North 55th Street, Milwaukee, Wisconsin 53210",07-08-2021,10
"2668 North 54th Street, Milwaukee, Wisconsin 53210",01-10-2020,10
"7240 West Burleigh Street 1, Milwaukee, Wisconsin 53210",11-21-2019,10
"5630 West Townsend Street, Milwaukee, Wisconsin 53216",12-09-2020,10
"3418 North 56th Street, Milwaukee, Wisconsin 53216",11-30-2020,10
"2978 North 60th Street, Milwaukee, Wisconsin 53210",12-08-2020,10
"2634 North 60th Street, Milwaukee, Wisconsin 53210",05-15-2019,10
"1735 North 47th Street, Milwaukee, Wisconsin 53208",10-07-2019,10
"3012 North 57th Street, Milwaukee, Wisconsin 53210",04-10-2019,10
"6320 West Richmond Avenue, Milwaukee, Wisconsin 53210",01-02-2020,10
"230 North 37th Street, Milwaukee, Wisconsin 53208",07-24-2018,10
"2775 North 56th Street, Milwaukee, Wisconsin 53210",12-10-2018,10
"2979 North 53rd Street, Milwaukee, Wisconsin 53210",12-17-2019,10
"2929 North 56th Street, Milwaukee, Wisconsin 53210",12-03-2019,10
"2844 North 56th Street, Milwaukee, Wisconsin 53210",06-27-2019,10
"3433 North 57th Street, Milwaukee, Wisconsin 53216",12-04-2019,10
"2348 North 57th Street, Milwaukee, Wisconsin 53210",09-07-2018,10
"3712 West Mount Vernon Avenue, Milwaukee, Wisconsin 53208",01-17-2018,10
"3030 North 53rd Street, Milwaukee, Wisconsin 53210",09-06-2018,10
"3028 North 53rd Street, Milwaukee, Wisconsin 53210",08-30-2018,10
"232 North 37th Street, Milwaukee, Wisconsin 53208",07-24-2018,10
"2857 North 53rd Street, Milwaukee, Wisconsin 53210",07-31-2018,10
"1422 North 48th Street, Milwaukee, Wisconsin 53208",11-07-2019,10
"2832 North 52nd Street, Milwaukee, Wisconsin 53210",12-18-2019,10
"3009 North 66th Street, Milwaukee, Wisconsin 53210",04-08-2019,10
"2962 North 54th Street, Milwaukee, Wisconsin 53210",01-03-2018,10
"2960 North 54th Street, Milwaukee, Wisconsin 53210",01-03-2018,10
"2634 North 60th Street A, Milwaukee, Wisconsin 53210",05-15-2019,10
"5909 West St Paul Avenue, Milwaukee, Wisconsin 53213",02-15-2018,10
"1420 North 48th Street, Milwaukee, Wisconsin 53208",07-11-2019,10
"2859 North 53rd Street, Milwaukee, Wisconsin 53210",08-31-2018,10
"2861 North 53rd Street, Milwaukee, Wisconsin 53210",08-31-2018,10
"4815 West Oklahoma Avenue 4, Milwaukee, Wisconsin 53219",04-09-2019,11
"4815 West Oklahoma Avenue 2, Milwaukee, Wisconsin 53219",04-09-2019,11
"4815 West Oklahoma Avenue 3, Milwaukee, Wisconsin 53219",04-09-2019,11
"4815 West Oklahoma Avenue 1, Milwaukee, Wisconsin 53219",04-09-2019,11
"1557 West Walker Street, Milwaukee, Wisconsin 53204",07-12-2022,12
"2208 South 15th Place, Milwaukee, Wisconsin 53215",07-01-2022,12
"2237a South 14th Street, Milwaukee, Wisconsin 53215",05-24-2022,12
"2237 South 14th Street, Milwaukee, Wisconsin 53215",05-24-2022,12
"1510 West Scott Street, Milwaukee, Wisconsin 53204",02-28-2022,12
"1579 South Cesar E Chavez Drive Upper, Milwaukee, Wisconsin 53204",04-12-2022,12
"1107 West Scott Street, Milwaukee, Wisconsin 53204",02-25-2022,12
"824 West Hayes Avenue, Milwaukee, Wisconsin 53215",10-25-2021,12
"1125 West Mineral Street, Milwaukee, Wisconsin 53204",11-15-2021,12
"1246 South 17th Street, Milwaukee, Wisconsin 53204",09-30-2021,12
"2255 South 15th Street, Milwaukee, Wisconsin 53215",08-27-2021,12
"2013 South 15th Street, Milwaukee, Wisconsin 53204",09-14-2021,12
"1222 South 18th Street A, Milwaukee, Wisconsin 53204",12-17-2019,12
"1228 West Greenfield Avenue, Milwaukee, Wisconsin 53204",06-17-2021,12
"2234 South 7th Street, Milwaukee, Wisconsin 53215",05-05-2020,12
"2342 South 9th Place, Milwaukee, Wisconsin 53215",04-13-2021,12
"1654 South 3rd Street, Milwaukee, Wisconsin 53204",06-17-2021,12
"2028 South 12th Street, Milwaukee, Wisconsin 53204",03-30-2021,12
"1554 West Walker Street, Milwaukee, Wisconsin 53204",02-01-2021,12
"830 West Madison Street, Milwaukee, Wisconsin 53204",08-19-2020,12
"2104 South 7th Street, Milwaukee, Wisconsin 53215",08-24-2020,12
"1700 West Mineral Street, Milwaukee, Wisconsin 53204",08-11-2020,12
"2068 South 13th Street, Milwaukee, Wisconsin 53204",05-11-2021,12
"2042 South 16th Street, Milwaukee, Wisconsin 53204",02-02-2021,12
"2239 South 18th Street, Milwaukee, Wisconsin 53215",04-13-2021,12
"1823 South 18th Street, Milwaukee, Wisconsin 53204",09-03-2020,12
"412 South 4th Street, Milwaukee, Wisconsin 53204",03-11-2021,12
"1319 West Washington Street, Milwaukee, Wisconsin 53204",02-18-2021,12
"632 South 10th Street, Milwaukee, Wisconsin 53204",10-16-2020,12
"1624 West Mineral Street, Milwaukee, Wisconsin 53204",09-26-2019,12
"1306 South 18th Street, Milwaukee, Wisconsin 53204",09-25-2020,12
"1971 South 15th Place, Milwaukee, Wisconsin 53204",07-16-2020,12
"2058 South 13th Street, Milwaukee, Wisconsin 53204",11-26-2019,12
"1333 West Scott Street, Milwaukee, Wisconsin 53204",02-19-2020,12
"514 West Orchard Street, Milwaukee, Wisconsin 53204",08-23-2019,12
"1978 South 16th Street, Milwaukee, Wisconsin 53204",08-20-2019,12
"1976 South 16th Street, Milwaukee, Wisconsin 53204",08-20-2019,12
"1546 South 4th Street, Milwaukee, Wisconsin 53204",06-07-2019,12
"1436 West Mineral Street, Milwaukee, Wisconsin 53204",02-25-2019,12
"1434 West Mineral Street, Milwaukee, Wisconsin 53204",02-25-2019,12
"2554 South 12th Street, Milwaukee, Wisconsin 53215",12-19-2019,12
"2009 South 15th Street, Milwaukee, Wisconsin 53204",05-24-2019,12
"2246 South 11th Street, Milwaukee, Wisconsin 53215",04-06-2018,12
"2211 South 6th Street, Milwaukee, Wisconsin 53215",12-10-2018,12
"2118 South 15th Street, Milwaukee, Wisconsin 53215",09-12-2018,12
"2345 South 9th Place, Milwaukee, Wisconsin 53215",04-25-2019,12
"1735 South 15th Place, Milwaukee, Wisconsin 53204",02-01-2018,12
"2337 South 12th Street A, Milwaukee, Wisconsin 53215",10-02-2018,12
"918 South 19th Street, Milwaukee, Wisconsin 53204",12-08-2018,12
"916 South 19th Street, Milwaukee, Wisconsin 53204",01-08-2018,12
"2337 South 12th Street, Milwaukee, Wisconsin 53215",10-02-2018,12
"1732 West Washington Street, Milwaukee, Wisconsin 53204",09-28-2018,12
"2120 South 14th Street, Milwaukee, Wisconsin 53215",07-16-2019,12
"2357 South 11th Street, Milwaukee, Wisconsin 53215",01-26-2018,12
"2537 South 14th Street, Milwaukee, Wisconsin 53215",10-11-2019,12
"2537 South 14th Street A, Milwaukee, Wisconsin 53215",10-11-2019,12
"1933 South 5th Street, Milwaukee, Wisconsin 53204",12-20-2019,12
"2248 South 17th Street A, Milwaukee, Wisconsin 53215",08-19-2019,12
"1709 South 3rd Street, Milwaukee, Wisconsin 53204",08-02-2019,12
"1312 West Harrison Avenue A, Milwaukee, Wisconsin 53215",02-12-2019,12
"1312 West Harrison Avenue, Milwaukee, Wisconsin 53215",11-16-2018,12
"932 West Pierce Street, Milwaukee, Wisconsin 53204",03-21-2019,12
"934 West Pierce Street, Milwaukee, Wisconsin 53204",03-21-2019,12
"1622 South 17th Street, Milwaukee, Wisconsin 53204",09-09-2019,12
"1017 West Maple Street, Milwaukee, Wisconsin 53204",01-09-2018,12
"1017 West Maple Street A, Milwaukee, Wisconsin 53204",01-09-2018,12
"1929 South 12th Street, Milwaukee, Wisconsin 53204",01-29-2018,12
"1019 South 19th Street, Milwaukee, Wisconsin 53204",09-29-2019,12
"1707 South 3rd Street, Milwaukee, Wisconsin 53204",08-02-2019,12
"1577 South 3rd Street, Milwaukee, Wisconsin 53204",08-05-2019,12
"3135A South 18th Street, Milwaukee, Wisconsin 53215",06-14-2022,13
"2332 West Bolivar Avenue, Milwaukee, Wisconsin 53221",08-31-2021,13
"1911 West Plainfield Avenue, Milwaukee, Wisconsin 53221",08-16-2018,13
"2542 South 7th Street, Milwaukee, Wisconsin 53215",05-17-2022,14
"3576 South Quincy Avenue, Milwaukee, Wisconsin 53207",01-19-2022,14
"131 East Oklahoma Ave Apt 3, Milwaukee, Wisconsin 53207",07-21-2021,14
"3459 South Howell Avenue 17202, Milwaukee, Wisconsin 53207",05-28-2021,14
"2438 South 9th Place A, Milwaukee, Wisconsin 53215",12-09-2021,14
"2438 South 9th Place, Milwaukee, Wisconsin 53215",12-09-2021,14
"2519 South 6th Street UPPER , Milwaukee, Wisconsin 53215",09-17-2021,14
"2519 South 6th Street, Milwaukee, Wisconsin 53215",09-17-2021,14
"3338 South 12th Street A, Milwaukee, Wisconsin 53215",07-29-2021,14
"2219 South 5th Street, Milwaukee, Wisconsin 53207",07-10-2021,14
"515 East Howard Avenue, Milwaukee, Wisconsin 53207",09-23-2020,14
"3443 S 9th St, Milwaukee, Wisconsin 53215",03-22-2021,14
"2545 South 6th Street 3, Milwaukee, Wisconsin 53215",10-17-2019,14
"2685 South 7th Street A, Milwaukee, Wisconsin 53215",05-13-2020,14
"2525 South Logan Avenue, Milwaukee, Wisconsin 53207",04-01-2020,14
"2715 South 12th Street, Milwaukee, Wisconsin 53215",04-24-2018,14
"2427 South 8th Street, Milwaukee, Wisconsin 53215",12-20-2019,14
"2632 South 10th Street, Milwaukee, Wisconsin 53215",08-14-2019,14
"2429 South 5th Street, Milwaukee, Wisconsin 53207",08-05-2019,14
"2130 South 6th Street, Milwaukee, Wisconsin 53215",10-01-2018,14
"2347 North 47th Street, Milwaukee, Wisconsin 53210",06-13-2022,15
"2483 West Cypress Street, Milwaukee, Wisconsin 53206",03-29-2022,15
"2628 North 10th Street, Milwaukee, Wisconsin 53206",04-18-2022,15
"2455 North 45th Street, Milwaukee, Wisconsin 53210",04-26-2022,15
"2572 North 41st Street, Milwaukee, Wisconsin 53210",01-05-2022,15
"2713 North 8th Street, Milwaukee, Wisconsin 53206",03-04-2022,15
"2320 West Center Street, Milwaukee, Wisconsin 53206",12-21-2021,15
"2550 North 24th Street B, Milwaukee, Wisconsin 53206",03-04-2022,15
"4315 West Lisbon Avenue #29, Milwaukee, Wisconsin 53208",11-26-2019,15
"2319 North 40th Street, Milwaukee, Wisconsin 53210",02-15-2022,15
"2411 North 34th Street, Milwaukee, Wisconsin 53210",02-03-2022,15
"2058 North 28th Street, Milwaukee, Wisconsin 53208",01-28-2022,15
"2557 North 19th Street, Milwaukee, Wisconsin 53215",11-11-2021,15
"2555 North 19th Street, Milwaukee, Wisconsin 53206",11-11-2021,15
"1342 North 40th Street, Milwaukee, Wisconsin 53208",01-04-2022,15
"2210 North 17th Street A, Milwaukee, Wisconsin 53205",10-22-2021,15
"2208 North 17th Street, Milwaukee, Wisconsin 53205",10-29-2021,15
"1636 North 36th Street, Milwaukee, Wisconsin 53208",11-15-2021,15
"1634 North 36th Street, Milwaukee, Wisconsin 53208",11-15-2021,15
"2300 West Cherry Street, Milwaukee, Wisconsin 53205",08-18-2021,15
"2508 North 51st Street, Milwaukee, Wisconsin 53210",10-15-2021,15
"1520 North 34th Street, Milwaukee, Wisconsin 53208",09-08-2021,15
"1518 North 34th Street, Milwaukee, Wisconsin 53208",09-08-2021,15
"2232 North 44th Street, Milwaukee, Wisconsin 53208",03-23-2020,15
"2802 North 41st Street, Milwaukee, Wisconsin 53210",07-29-2021,15
"1427 North 34th Street, Milwaukee, Wisconsin 53208",04-16-2020,15
"2467 North 50th Street, Milwaukee, Wisconsin 53210",12-23-2020,15
"1341 West Brown Street, Milwaukee, Wisconsin 53205",08-24-2020,15
"2542 North 23rd Street, Milwaukee, Wisconsin 53206",08-02-2021,15
"2748 North 20th Street, Milwaukee, Wisconsin 53206",08-02-2021,15
"2028 North 35th Street, Milwaukee, Wisconsin 53208",01-11-2021,15
"1327 West Albany Place, Milwaukee, Wisconsin 53206",03-05-2021,15
"2834 North 37th Street, Milwaukee, Wisconsin 53210",07-02-2021,15
"3810 West Galena Street, Milwaukee, Wisconsin 53208",02-24-2021,15
"2814 North 38th Street, Milwaukee, Wisconsin 53210",06-02-2021,15
"2321 North 40th Street, Milwaukee, Wisconsin 53210",06-02-2021,15
"2166 North 49th Street, Milwaukee, Wisconsin 53208",12-21-2020,15
"2841 North 38th Street, Milwaukee, Wisconsin 53210",07-20-2018,15
"2803 North 28th Street, Milwaukee, Wisconsin 53210",02-27-2020,15
"2168 North 42nd Street, Milwaukee, Wisconsin 53208",05-15-2020,15
"1637 North 24th Street A, Milwaukee, Wisconsin 53205",05-05-2020,15
"1447 North 37th Street, Milwaukee, Wisconsin 53208",01-23-2020,15
"2027 North 22nd Street, Milwaukee, Wisconsin 53205",03-15-2021,15
"1345 West Hadley Street A, Milwaukee, Wisconsin 53206",09-10-2020,15
"1724 North 32nd Street, Milwaukee, Wisconsin 53208",10-09-2019,15
"1942 North 18th Street A, Milwaukee, Wisconsin 53205",05-01-2020,15
"2630 North 49th Street, Milwaukee, Wisconsin 53210",02-06-2020,15
"2471 North 8th Street A, Milwaukee, Wisconsin 53206",12-02-2020,15
"2428 North 48th Street, Milwaukee, Wisconsin 53210",09-03-2019,15
"2740 North 12th Street, Milwaukee, Wisconsin 53206",10-26-2020,15
"1449 North 37th Street, Milwaukee, Wisconsin 53208",02-20-2020,15
"1533 North 29th Street, Milwaukee, Wisconsin 53208",12-11-2019,15
"2509 North 45th Street, Milwaukee, Wisconsin 53210",12-06-2019,15
"2725 North 10th Street, Milwaukee, Wisconsin 53206",08-18-2020,15
"3827 West Roberts Street, Milwaukee, Wisconsin 53208",03-04-2020,15
"2538 North 51st Street, Milwaukee, Wisconsin 53210",11-19-2018,15
"2309 West Cherry Street, Milwaukee, Wisconsin 53205",01-26-2018,15
"2037 North 33rd Street, Milwaukee, Wisconsin 53208",02-07-2018,15
"2151 North 38th Street, Milwaukee, Wisconsin 53208",02-28-2018,15
"1337 North 36th Street, Milwaukee, Wisconsin 53208",06-19-2018,15
"2750 North 38th Street, Milwaukee, Wisconsin 53210",06-21-2019,15
"4728 West Garfield Avenue, Milwaukee, Wisconsin 53208",09-16-2019,15
"2315 West Galena Street, Milwaukee, Wisconsin 53205",08-02-2019,15
"2315 West Galena Street A, Milwaukee, Wisconsin 53205",08-02-2019,15
"2538 North 10th Street, Milwaukee, Wisconsin 53206",01-15-2019,15
"1627 North 32nd Street, Milwaukee, Wisconsin 53208",04-10-2019,15
"1315 North 38th Street, Milwaukee, Wisconsin 53208",09-20-2019,15
"1313 North 38th Street, Milwaukee, Wisconsin 53208",09-20-2019,15
"2872 North 26th Street, Milwaukee, Wisconsin",09-20-2019,15
"2857 North 26th Street, Milwaukee, Wisconsin 53206",04-27-2018,15
"2357 North 46th Street, Milwaukee, Wisconsin 53210",10-15-2018,15
"2502 West Vine Street, Milwaukee, Wisconsin 53205",01-09-2018,15
"3835 North 10th Street, Milwaukee, Wisconsin 53206",10-26-2018,15
"2472 West Lloyd Street, Milwaukee, Wisconsin 53205",02-09-2018,15
"2750 North 35th Street A, Milwaukee, Wisconsin 53210",01-24-2018,15
"2750 North 35th Street, Milwaukee, Wisconsin 53210",01-24-2018,15
"2222 North 14th Street, Milwaukee, Wisconsin 53205",11-07-2018,15
"2222 North 14th Street B, Milwaukee, Wisconsin 53205",11-07-2018,15
"2222 North 14th Street C, Milwaukee, Wisconsin 53205",11-07-2018,15
"2444 North 51st Street, Milwaukee, Wisconsin 53210",06-04-2018,15
"2321 North 11th Street, Milwaukee, Wisconsin 53206",01-30-2018,15
"4502 West Lloyd Street, Milwaukee, Wisconsin 53208",08-24-2018,15
"2337 North 47th Street, Milwaukee, Wisconsin 53210",01-18-2019,15
"2408 North 41st Street, Milwaukee, Wisconsin 53210",04-10-2019,15
"2778 North 34th Street, Milwaukee, Wisconsin 53210",07-30-2019,15
"2543 North 22nd Street, Milwaukee, Wisconsin 53206",11-07-2019,15
"2442 North 51st Street, Milwaukee, Wisconsin 53210",06-04-2018,15
"2003 North 34th Street, Milwaukee, Wisconsin 53208",10-01-2019,15
"4518 West Lloyd Street, Milwaukee, Wisconsin 53208",07-09-2018,15
"2331 North 47th Street, Milwaukee, Wisconsin 53210",04-10-2019,15
"2646 North 45th Street, Milwaukee, Wisconsin 53210",05-22-2019,15
"2852 North 40th Street, Milwaukee, Wisconsin 53210",01-16-2019,15
